Workbook

Sheet Read me
B2: Be Giant App · Decision roadmap
B3: August Strategy × Field Office · Prepared September 23, 2026
B5: How this works
B6: Each row on the Decisions tab is one decision. We've made a recommendation on every row, so your job is to confirm it or tell us what you'd change.
B7: Tier shows when a decision is needed. Decide now blocks the wireflows. Decide soon blocks design and development. Decide later covers launch and what follows.
B8: Deadlines come from the Timeline tab. Change the launch date there and every deadline updates.
B9: To respond, set the Status and add anything in Giant's decision and notes. Those are the cream columns. Use cell comments for discussion.
B10: Example: Status set to Changed, with the note: Go with Model 4 instead, leadership wants For You tested in wireflows.
B11: Filter any column from the header row, for example by Who it's for to see only what Be Giant needs to decide.
B13: Where things stand
B14: Tier | C14: Total | D14: Awaiting Giant | E14: In discussion | F14: Confirmed | G14: Changed | H14: Deferred
B15: Decide now | C15: =COUNTIF(Decisions!$B$2:$B$33,B15) -> 4 | D15: =COUNTIFS(Decisions!$B$2:$B$33,$B15,Decisions!$J$2:$J$33,"Awaiting Giant") -> 4 | E15: =COUNTIFS(Decisions!$B$2:$B$33,$B15,Decisions!$J$2:$J$33,"In discussion") -> 0 | F15: =COUNTIFS(Decisions!$B$2:$B$33,$B15,Decisions!$J$2:$J$33,"Confirmed") -> 0 | G15: =COUNTIFS(Decisions!$B$2:$B$33,$B15,Decisions!$J$2:$J$33,"Changed") -> 0 | H15: =COUNTIFS(Decisions!$B$2:$B$33,$B15,Decisions!$J$2:$J$33,"Deferred") -> 0
B16: Decide soon | C16: =COUNTIF(Decisions!$B$2:$B$33,B16) -> 15 | D16: =COUNTIFS(Decisions!$B$2:$B$33,$B16,Decisions!$J$2:$J$33,"Awaiting Giant") -> 15 | E16: =COUNTIFS(Decisions!$B$2:$B$33,$B16,Decisions!$J$2:$J$33,"In discussion") -> 0 | F16: =COUNTIFS(Decisions!$B$2:$B$33,$B16,Decisions!$J$2:$J$33,"Confirmed") -> 0 | G16: =COUNTIFS(Decisions!$B$2:$B$33,$B16,Decisions!$J$2:$J$33,"Changed") -> 0 | H16: =COUNTIFS(Decisions!$B$2:$B$33,$B16,Decisions!$J$2:$J$33,"Deferred") -> 0
B17: Decide later | C17: =COUNTIF(Decisions!$B$2:$B$33,B17) -> 7 | D17: =COUNTIFS(Decisions!$B$2:$B$33,$B17,Decisions!$J$2:$J$33,"Awaiting Giant") -> 7 | E17: =COUNTIFS(Decisions!$B$2:$B$33,$B17,Decisions!$J$2:$J$33,"In discussion") -> 0 | F17: =COUNTIFS(Decisions!$B$2:$B$33,$B17,Decisions!$J$2:$J$33,"Confirmed") -> 0 | G17: =COUNTIFS(Decisions!$B$2:$B$33,$B17,Decisions!$J$2:$J$33,"Changed") -> 0 | H17: =COUNTIFS(Decisions!$B$2:$B$33,$B17,Decisions!$J$2:$J$33,"Deferred") -> 0
B18: All decisions | C18: =SUM(C15:C17) -> 26 | D18: =SUM(D15:D17) -> 26 | E18: =SUM(E15:E17) -> 0 | F18: =SUM(F15:F17) -> 0 | G18: =SUM(G15:G17) -> 0 | H18: =SUM(H15:H17) -> 0
B20: Status key
B21: Awaiting Giant | C21: Our recommendation is in, waiting on Giant.
B22: In discussion | C22: Being talked through, no call yet.
B23: Confirmed | C23: Giant agrees with the recommendation.
B24: Changed | C24: Giant chose differently. Note what in the notes column.
B25: Deferred | C25: Moved to a later gate on purpose.

Sheet Decisions
A1: ID | B1: Tier | C1: Area | D1: Decision | E1: Who it's for | F1: What it affects | G1: Options | H1: Our recommendation | I1: Deadline | J1: Status | K1: Giant's decision and notes | L1: Gate
A2: D02 | B2: Design Decision Blocker | C2: Navigation | D2: Which two navigation models go forward to wireflows? | E2: Be Giant | F2: The entire app structure and every flow. | G2: 1) Home / Explore & Search / Video / Saved 2) For You / Explore & Search / Video / Profile 3) Read / Watch, everything else in a menu 4) Featured / For You / Explore & Search / Saved | H2: Models 1 and 3. Model 1 is our lead. Video stays in its rail only if the video decision lands on a weekly commitment; otherwise the rail is Home / Explore & Search / Saved. In every model, the account sits as an avatar in the top bar. Why: Saves are a V1 success measure, so Saved belongs in the rail, and Model 1 keeps it one tap away. | I2: {=IFERROR(INDEX(Timeline!$E$7:$E$15,MATCH(L2,Timeline!$B$7:$B$15,0)),"")} -> 46295 | J2: Awaiting Giant | L2: Phase I answers
A3: D03 | B3: Design Decision Blocker | C3: Home & feeds | D3: Should there be a separate For You feed next to a Home feed sorted by latest? | E3: Be Giant | F3: Home design, the navigation rail, personalization build. | G3: A) Two feeds: Home (latest) and For You. B) One Home either with a "for you" toggle or always curated. | H3: Either is valid, we can present both in the design phase. | I3: {=IFERROR(INDEX(Timeline!$E$7:$E$15,MATCH(L3,Timeline!$B$7:$B$15,0)),"")} -> 46295 | J3: Awaiting Giant | L3: Phase I answers
A4: D05 | B4: Design Decision Blocker | C4: Series & pillars | D4: Confirm the app centres on single articles, with series and pillars working as tags. | E4: Be Giant | F4: Explore structure, article end, links from the website. | G4: A) Tags only: pillars and series filter Explore and label stories. B) A landing page for every pillar and series. C) Pillars as the main navigation. | H4: A. Series articles end with Continue the series (2 of 6) and a next-story card. Links to series pages on begiant.ca open the matching filtered view in Explore. Why: Readers come for stories, and the continue card still gives a series momentum. | I4: {=IFERROR(INDEX(Timeline!$E$7:$E$15,MATCH(L4,Timeline!$B$7:$B$15,0)),"")} -> 46295 | J4: Awaiting Giant | L4: Phase I answers
A5: D06 | B5: Design Decision Blocker | C5: Video & audio | D5: What role does video play in V1? | E5: Be Giant | F5: The navigation rail, video production commitments, video hosting. | G5: A) A Video tab, with a path back to each written story. B) Video inside the feed and articles only. C) No video surface until after V1. | H5: A) The video feed is still our vision. The team does need to review the impact of the day-to-day workload. | I5: {=IFERROR(INDEX(Timeline!$E$7:$E$15,MATCH(L5,Timeline!$B$7:$B$15,0)),"")} -> 46295 | J5: Awaiting Giant | L5: Phase I answers
A6: D08 | B6: Design Decision Blocker | C6: Explore & search | D6: Should Search and Explore merge into one tab? | E6: Be Giant | F6: Explore design, search build. | G6: A) One tab: search field at the top, browsing below. B) Separate Search and Explore tabs. | H6: A. Explore opens with a search field. Below it: pillars, series, topics, trending and short stories. Search runs on the Typesense index the website already uses. Why: One place to find anything keeps the rail short. | I6: {=IFERROR(INDEX(Timeline!$E$7:$E$15,MATCH(L6,Timeline!$B$7:$B$15,0)),"")} -> 46295 | J6: Awaiting Giant | L6: Phase I answers
A8: D07 | B8: {=IFERROR(INDEX(Timeline!$C$7:$C$15,MATCH(L8,Timeline!$B$7:$B$15,0)),"")} -> Decide now | C8: Video & audio | D8: Does a Listen tab launch with V1? | E8: Be Giant | F8: The navigation rail, audio player build. | G8: A) Listen tab at launch. B) Listen waits for the podcast's own launch. | H8: B. When the podcast launches, it becomes a Listen tab if episode volume supports one, or a section in Explore if it doesn't. The article toolbar keeps a spot for a listen control so audio slots in without a redesign. Why: A Listen tab with no podcast behind it is an empty room, and building an audio player adds weeks the January date doesn't have. | I8: {=IFERROR(INDEX(Timeline!$E$7:$E$15,MATCH(L8,Timeline!$B$7:$B$15,0)),"")} -> 46295 | J8: Awaiting Giant | L8: Phase I answers
A9: D09 | B9: {=IFERROR(INDEX(Timeline!$C$7:$C$15,MATCH(L9,Timeline!$B$7:$B$15,0)),"")} -> Decide now | C9: Onboarding & accounts | D9: Which onboarding flow do we launch with? | E9: Be Giant | F9: First-launch design, notification opt-in rate, account creation. | G9: A) Full: topics, notification preferences, account. B) Straight to the feed, with a prompt after the first read. | H9: A. We thinking commiting to a full onboarding & account creation at this stage will generate better analytics from the start. The users who download the app will already have high intent and we don't forsee major dropoff if the onboarding is lengthier. All steps are also skippable and can be adjusted in settings later. Language should make this clear. | I9: {=IFERROR(INDEX(Timeline!$E$7:$E$15,MATCH(L9,Timeline!$B$7:$B$15,0)),"")} -> 46295 | J9: Awaiting Giant | L9: Phase I answers
A10: D10 | B10: {=IFERROR(INDEX(Timeline!$C$7:$C$15,MATCH(L10,Timeline!$B$7:$B$15,0)),"")} -> Decide now | C10: Onboarding & accounts | D10: When do we ask a reader to create an account? | E10: Be Giant | F10: Save flow, sync, sign-in build. | G10: A) During onboarding. B) After a certain time or second open C) At the first save or follow. | H10: A. During onboarding makes the most sense to us for the launch. Onboarding and user account prompting can be adjusted later if/when there is more data to suggest that the current onboarding is failing in some way. | I10: {=IFERROR(INDEX(Timeline!$E$7:$E$15,MATCH(L10,Timeline!$B$7:$B$15,0)),"")} -> 46304 | J10: Awaiting Giant | L10: Wireflow sign-off
A11: D11 | B11: {=IFERROR(INDEX(Timeline!$C$7:$C$15,MATCH(L11,Timeline!$B$7:$B$15,0)),"")} -> Decide now | C11: Explore & search | D11: How novel should browsing feel: familiar or experimental? | E11: Be Giant | F11: Explore design, build time, testing. | G11: A) Familiar: the lists, cards and filters readers know from other news apps. B) Experimental: new ways to browse, such as Deal (swipe through stories like cards) or Atlas (browse stories on a map of Canada). C) Familiar at launch, with one experimental mode added after launch. | H11: C. Launch with familiar browsing, and test ideas likes Deal and Atlas with beta readers to pick the one worth building next. Start adding a location to stories in Sanity now so Atlas stays an option. Why: New readers need to find their way on day one, and an experimental mode needs content and testing time January doesn't allow. | I11: {=IFERROR(INDEX(Timeline!$E$7:$E$15,MATCH(L11,Timeline!$B$7:$B$15,0)),"")} -> 46304 | J11: Awaiting Giant | L11: Wireflow sign-off
A12: D13 | B12: {=IFERROR(INDEX(Timeline!$C$7:$C$15,MATCH(L12,Timeline!$B$7:$B$15,0)),"")} -> Decide soon | C12: Content model (Sanity) | D12: What other Sanity fields does the app need? | E12: Field Office (devs) | F12: - | G12: A) Add everything in one pass before the build. B) Add fields as features need them. | H12: B. Field Office recommends we get through the design and avoid adding new CMS fileds as much as possible to keep the backend lean | I12: {=IFERROR(INDEX(Timeline!$E$7:$E$15,MATCH(L12,Timeline!$B$7:$B$15,0)),"")} -> 46318 | J12: Awaiting Giant | L12: Content model freeze
A13: D14 | B13: {=IFERROR(INDEX(Timeline!$C$7:$C$15,MATCH(L13,Timeline!$B$7:$B$15,0)),"")} -> Decide soon | C13: Privacy & data | D13: What can we track without sign-up or consent? | E13: Be Giant | F13: Analytics setup, KPI measurement, store privacy forms. | G13: A) Aggregate first-party usage only. B) Full per-reader analytics. C) Nothing without consent. | H13: A, to confirm with counsel. App opens, screens viewed, article completions, saves and alert opens, counted in aggregate. No advertising identifiers, no sharing with third parties, no cross-app tracking, so no Apple tracking prompt. Per-reader history for personalization only with an account and consent. Why: This covers every V1 KPI and keeps the app clear of Apple's tracking prompt, which most readers decline. | I13: {=IFERROR(INDEX(Timeline!$E$7:$E$15,MATCH(L13,Timeline!$B$7:$B$15,0)),"")} -> 46318 | J13: Awaiting Giant | K13: Unless you get a user consent when creating an account or something to the effect that we'll be tracking more when logged in, I'd agree. | L13: Content model freeze
A14: D16 | B14: {=IFERROR(INDEX(Timeline!$C$7:$C$15,MATCH(L14,Timeline!$B$7:$B$15,0)),"")} -> Decide soon | C14: Onboarding & accounts | D14: Which sign-in methods do we offer? | E14: Field Office (devs) | F14: Account build, sign-in design. | G14: A) Sign in with Apple, Google, and an email link. B) Email and password. C) All of the above | H14: C, Ensures users can use their method of choice. | I14: {=IFERROR(INDEX(Timeline!$E$7:$E$15,MATCH(L14,Timeline!$B$7:$B$15,0)),"")} -> 46318 | J14: Awaiting Giant | L14: Content model freeze
A15: D17 | B15: {=IFERROR(INDEX(Timeline!$C$7:$C$15,MATCH(L15,Timeline!$B$7:$B$15,0)),"")} -> Decide soon | C15: Onboarding & accounts | D15: What does an account hold, and how is it deleted? | E15: Field Office (devs) | F15: Account build, privacy policy. | G15: Requirement. | H15: An account holds: saves, follows, newsletter preferences, notification preferences and all personalization preferences chosen on the onboarding. Readers can delete their account from the Account screen. Why: Both Apple and Google Play require in-app account deletion for apps that let people create accounts. | I15: {=IFERROR(INDEX(Timeline!$E$7:$E$15,MATCH(L15,Timeline!$B$7:$B$15,0)),"")} -> 46318 | J15: Awaiting Giant | L15: Content model freeze
A16: D18 | B16: {=IFERROR(INDEX(Timeline!$C$7:$C$15,MATCH(L16,Timeline!$B$7:$B$15,0)),"")} -> Decide soon | C16: Video & audio | D16: Where is video hosted, and how does it play in the app? | E16: Field Office (devs) | F16: Video player build, cost. | G16: A) Mux, Already in use B) YouTube/Tiktok embeds. | H16: A, if video stays in the feed for V1. | I16: {=IFERROR(INDEX(Timeline!$E$7:$E$15,MATCH(L16,Timeline!$B$7:$B$15,0)),"")} -> 46318 | J16: Awaiting Giant | L16: Content model freeze
A17: D19 | B17: {=IFERROR(INDEX(Timeline!$C$7:$C$15,MATCH(L17,Timeline!$B$7:$B$15,0)),"")} -> Decide soon | C17: Reading | D17: How does navigation behave on the article page? | E17: August (design/strategy) | F17: Article design, reading toolbar, gestures. | G17: A) Tab bar stays visible while reading. B) Tab bar gives way to a reading toolbar. | H17: B. When an article opens, the tab bar slides away and a reading toolbar takes over: Aa (text size, light and dark), Save and Share, with back always visible. Both bars hide on scroll down and return on scroll up or tap. Readers swipe to the next article in the same feed. Why: Long pieces get the full screen while the way out stays one gesture away. | I17: {=IFERROR(INDEX(Timeline!$E$7:$E$15,MATCH(L17,Timeline!$B$7:$B$15,0)),"")} -> 46332 | J17: Awaiting Giant | L17: Design sign-off
A18: D20 | B18: {=IFERROR(INDEX(Timeline!$C$7:$C$15,MATCH(L18,Timeline!$B$7:$B$15,0)),"")} -> Decide soon | C18: Navigation | D18: What style is the tab bar: docked with labels, floating icons only, or floating with labels? | E18: August (design/strategy) | F18: Visual design of the rail on both platforms. | G18: A) Docked with labels. B) Floating, icons only. C) Floating, with labels. | H18: TBD during the design phase. We do like pushing into the latest iOS guidelines with the floating approach. | I18: {=IFERROR(INDEX(Timeline!$E$7:$E$15,MATCH(L18,Timeline!$B$7:$B$15,0)),"")} -> 46332 | J18: Awaiting Giant | L18: Design sign-off
A19: D21 | B19: {=IFERROR(INDEX(Timeline!$C$7:$C$15,MATCH(L19,Timeline!$B$7:$B$15,0)),"")} -> Decide soon | C19: Notifications | D19: Who sends alerts day to day, and how are they scheduled? | E19: Be Giant | F19: Notification build in Sanity, editorial workload, opt-in rate. | G19: A) Scheduled only. B) Manual only. C) Both. | H19: Depends on internal preferences. We would recommend limiting the notifications to 1 per day. | I19: {=IFERROR(INDEX(Timeline!$E$7:$E$15,MATCH(L19,Timeline!$B$7:$B$15,0)),"")} -> 46332 | J19: Awaiting Giant | L19: Design sign-off
A20: D22 | B20: {=IFERROR(INDEX(Timeline!$C$7:$C$15,MATCH(L20,Timeline!$B$7:$B$15,0)),"")} -> Decide soon | C20: Notifications | D20: What are the alert types readers choose from? | E20: Be Giant | F20: Onboarding alerts screen, alert settings, Sanity alert tool. | G20: A) Three named types. B) One on or off switch. C) A longer list by topic. | H20: A. A daily edition alert, alerts for the topics, writers and series a reader follows, and occasional editor's picks. Final names come from editorial, in Giant's voice. Why: The alerts screen before the system prompt only works if each type is clear and appealing. | I20: {=IFERROR(INDEX(Timeline!$E$7:$E$15,MATCH(L20,Timeline!$B$7:$B$15,0)),"")} -> 46332 | J20: Awaiting Giant | L20: Design sign-off
A21: D23 | B21: {=IFERROR(INDEX(Timeline!$C$7:$C$15,MATCH(L21,Timeline!$B$7:$B$15,0)),"")} -> Decide soon | C21: Video & audio | D21: Can readers listen to articles (text to speech) in V1? | E21: Be Giant | F21: Reading toolbar, audio pipeline, cost. | G21: A) V1 with built-in system voices. B) V1.1 with natural-sounding voices generated for each article. C) No | H21: C. Not in V1 for speed and simplicity and the ability to have more time to select the right tool and process. Why: Built-in system voices are free but sound robotic next to Giant's long-form writing. | I21: {=IFERROR(INDEX(Timeline!$E$7:$E$15,MATCH(L21,Timeline!$B$7:$B$15,0)),"")} -> 46332 | J21: Awaiting Giant | L21: Design sign-off
A22: D24 | B22: {=IFERROR(INDEX(Timeline!$C$7:$C$15,MATCH(L22,Timeline!$B$7:$B$15,0)),"")} -> Decide soon | C22: Reading | D22: Can readers read without a connection? | E22: August (design/strategy) | F22: Saved build, storage. | G22: A) Saved articles available offline. B) Everything online only. | H22: B. Offline reading is currently an add-on feature scheduled for post launch. If this changes, we can include it in V1. | I22: {=IFERROR(INDEX(Timeline!$E$7:$E$15,MATCH(L22,Timeline!$B$7:$B$15,0)),"")} -> 46332 | J22: Awaiting Giant | L22: Design sign-off
A23: D25 | B23: {=IFERROR(INDEX(Timeline!$C$7:$C$15,MATCH(L23,Timeline!$B$7:$B$15,0)),"")} -> Decide soon | C23: Platform & build | D23: How do links move between the website and the app? | E23: Field Office (devs) | F23: Sharing, website changes, Explore filters. | G23: A) Website links open in the app when installed; shares from the app are web links. B) App-only links. | H23: A. begiant.ca links open in the app when it's installed, on both platforms. Anything shared from the app is a begiant.ca link, and the website shows a banner inviting readers to open the app. Why: Most readers arrive through shared links, so opening them in the app builds the habit. | I23: {=IFERROR(INDEX(Timeline!$E$7:$E$15,MATCH(L23,Timeline!$B$7:$B$15,0)),"")} -> 46332 | J23: Awaiting Giant | L23: Design sign-off
A24: D26 | B24: {=IFERROR(INDEX(Timeline!$C$7:$C$15,MATCH(L24,Timeline!$B$7:$B$15,0)),"")} -> Decide soon | C24: Reading | D24: What accessibility standard does the app meet? | E24: August (design/strategy) | F24: Every screen, testing. | G24: Requirement. | H24: WCAG 2.1 AA, carried over from the website. Text follows the reader's system text size, the app works with VoiceOver and TalkBack, and dark mode follows the system with a manual choice in the Aa menu. Why: The website already commits to this standard, and both stores and readers expect it. | I24: {=IFERROR(INDEX(Timeline!$E$7:$E$15,MATCH(L24,Timeline!$B$7:$B$15,0)),"")} -> 46332 | J24: Awaiting Giant | L24: Design sign-off
A25: D27 | B25: {=IFERROR(INDEX(Timeline!$C$7:$C$15,MATCH(L25,Timeline!$B$7:$B$15,0)),"")} -> Decide soon | C25: Home & feeds | D25: How does the newsletter show up in the app? | E25: Be Giant | F25: Article end, Account screen, newsletter integration. | G25: A) Signup at article end and in Account. B) No newsletter in the app. | H25: A. Signed-in readers subscribe in one tap, and the prompt hides for readers already subscribed where the newsletter tool allows it. Why: The newsletter remains the main web growth measure, so the app supports it without asking twice. | I25: {=IFERROR(INDEX(Timeline!$E$7:$E$15,MATCH(L25,Timeline!$B$7:$B$15,0)),"")} -> 46332 | J25: Awaiting Giant | L25: Design sign-off
... A33: D35 | B33: {=IFERROR(INDEX(Timeline!$C$7:$C$15,MATCH(L33,Timeline!$B$7:$B$15,0)),"")} -> Decide later | C33: Scope & timeline | D33: Confirm what stays out of the app for now. | E33: Be Giant | F33: Scope. | G33: Requirement. | H33: No paywall, subscriptions or comments in the app. These follow the website's roadmap. Why: Keeps V1 focused on the reading habit. | I33: {=IFERROR(INDEX(Timeline!$E$7:$E$15,MATCH(L33,Timeline!$B$7:$B$15,0)),"")} -> 46436 | J33: Awaiting Giant | L33: V1.1 planning

Sheet Timeline
B1: Timeline and phase gates
B3: Target launch (app live in both stores) | E3: 46391 | F3: Change this date and every gate and deadline updates. Proposed: two weeks before the January campaign.
B4: National campaign start | F4: =IF(E4="","Add the campaign date to check the gap.",IF(E4-E3>=14,"Launch lands "&(E4-E3)&" days before the campaign.","Launch lands only "&(E4-E3)&" days before the campaign. Aim for 14 or more.")) -> Add the campaign date to check the gap.
A6: # | B6: Gate | C6: Tier | D6: Days from launch | E6: Date | F6: What's done by this date | G6: Owner
A7: 1 | B7: Phase I answers | C7: Decide now | D7: -96 | E7: =$E$3+D7 -> 46295 | F7: Giant returns answers to the Phase I questions and the decisions tagged to this gate. | G7: Giant
A8: 2 | B8: Wireflow sign-off | C8: Decide now | D8: -87 | E8: =$E$3+D8 -> 46304 | F8: Navigation, core flows and onboarding approved. Phase I complete. Field Office starts groundwork: project setup, Sanity connection, accounts. | G8: Prajakta approves
A9: 3 | B9: Content model freeze | C9: Decide soon | D9: -73 | E9: =$E$3+D9 -> 46318 | F9: Sanity fields, privacy baseline and tools confirmed. Full development starts on the shared codebase. | G9: Giant + Field Office
A10: 4 | B10: Design sign-off | C10: Decide soon | D10: -59 | E10: =$E$3+D10 -> 46332 | F10: High-fidelity screens and the app design system approved for both platforms. Phase II complete. | G10: Prajakta approves
A11: 5 | B11: Feature complete | C11: Decide later | D11: -31 | E11: =$E$3+D11 -> 46360 | F11: Every V1 feature built. Beta opens on TestFlight and Google Play internal testing. | G11: Field Office
A12: 6 | B12: Store submission | C12: Decide later | D12: -24 | E12: =$E$3+D12 -> 46367 | F12: Both apps submitted for review with release held. Leaves room for a rejection and resubmission before the holidays. | G12: Field Office + Giant
A13: 7 | B13: Launch | C13: Decide later | D13: 0 | E13: =$E$3+D13 -> 46391 | F13: App live in both stores, at least two weeks before the national campaign. | G13: Giant
A14: 8 | B14: 30-day review | C14: Decide later | D14: 30 | E14: =$E$3+D14 -> 46421 | F14: First read of the KPIs. Set targets, and decide on a For You feed and the Video tab. | G14: Giant + August
A15: 9 | B15: V1.1 planning | C15: Decide later | D15: 45 | E15: =$E$3+D15 -> 46436 | F15: Scope V1.1: listen, Atlas map, home screen widget, Video tab if ready. | G15: Giant + August
B17: Blue numbers are editable offsets in days from launch. Dates are proposed by August Strategy and assume Giant answers the Phase I questions by the first gate.

Sheet KPIs
A1: KPI | B1: What it tells us | C1: How it's measured | D1: Tracking needs | E1: Read at | F1: How we set the target | G1: Target
A2: 30-day return | B2: Whether Giant becomes part of a reader's routine. The headline V1 measure. | C2: Share of readers who open the app again within 30 days of their first open, by weekly install group. | D2: Anonymous device ID (see the privacy decision) | E2: 30-day review, then monthly | F2: Baseline from the first two weeks of installs | G2: Set at 30-day review
A3: Return frequency | B3: How often the habit fires. | C3: Average number of days a week an active reader opens the app. | D3: Anonymous device ID | E3: Weekly | F3: Baseline from the first month | G3: Set at 30-day review
A4: Notification opt-in | B4: Whether the named-alerts screen earns permission. | C4: Share of readers finishing onboarding who allow notifications. Reported separately for iOS and Android, since Android 12 and older allow notifications by default. | D4: Permission status only | E4: Weekly for the first month | F4: Baseline from the first month | G4: Set at 30-day review
A5: Saves and follows per active reader | B5: Whether readers are building something worth coming back to. | C5: Saves plus follows per active reader per week. | D5: Counts need nothing extra; per-reader detail needs an account | E5: Weekly | F5: Baseline from the first month | G5: Set at 30-day review
A6: Long-form completion | B6: Whether the reading experience holds attention. | C6: Share of opens on pieces over 8 minutes (editable) that reach the end of the article. | D6: None | E6: Weekly | F6: Compare with web completion for the same pieces | G6: Set at 30-day review
A7: Account creation at first save | B7: Whether asking at the first save works. | C7: Share of first-save prompts that end in a new account. | D7: Account | E7: Weekly | F7: Baseline from the first month | G7: Set at 30-day review
A8: Onboarding completion | B8: Where onboarding loses readers. | C8: Share of first opens that finish onboarding, with drop-off at each step. | D8: None | E8: Weekly for the first month | F8: Baseline from the first two weeks | G8: Set at 30-day review
A9: Crash-free sessions | B9: Stability, especially under campaign traffic. A guardrail, not a goal. | C9: Share of sessions without a crash, from Crashlytics. | D9: None | E9: Daily at launch, then weekly | F9: Industry standard for a stable app | G9: Above 99.5%
A10: Installs | B10: Reach of the campaign and store listing. Context only: V1 is judged on retention. | C10: Installs from the App Store and Google Play consoles. | D10: None | E10: Weekly | F10: Not a target | G10: Tracked only
